,0,1,label
0,7.310086788817496,0.1562201956435838,0
1,5.253066710491908,3.0689120599509656,1
2,6.67192528594202,3.161009788914236,1
3,5.636789996149007,7.371172803015659,1
4,5.655168778788557,2.8122736141281326,1
5,4.424547053240917,9.662406367789398,0
6,5.163013752398994,4.736081505098586,1
7,6.62751575917548,4.8451824392233505,1
8,9.479568697920703,0.4802326273462332,0
9,6.907488950788391,4.297734388525893,1
10,0.41376154067576776,2.277653425320696,0
11,7.315054757164356,9.317649036575748,0
12,0.3763591402835176,3.6693738707758605,0
13,4.160846686888916,5.068553871235222,1
14,7.278790466048651,0.18715251239446173,0
15,3.305156208223241,4.91692679066632,1
16,0.6509452430177332,3.334897009527178,0
17,5.0782974601029816,5.722260101857961,1
18,8.45802817098667,0.9043592837094827,0
19,1.0831312703629958,3.626233016571195,0
20,7.691033724737357,4.934278835879645,1
21,8.309574762101372,8.307585170151361,0
22,5.452365059860932,1.2665020535942428,1
23,5.383587475526789,6.809900481101235,1
24,9.371580888142756,0.8692757224027392,0
25,6.3978518697103794,2.8102649339973684,1
26,9.731469511355842,7.219502646081072,0
27,3.1433008271522347,6.855058740515329,1
28,7.9586565024152325,0.23691887136896295,0
29,4.837884707463193,9.340745795410525,0
30,6.756980028096634,2.7207879741066954,1
31,1.9483255877865846,2.2514058503574494,0
32,0.989279900103226,7.403446132183071,0
33,2.8273683958390103,6.514221663814098,1
34,1.1756928830464186,4.734034196743016,1
35,1.927801738453171,8.636918710936646,0
36,4.910306522421659,6.894518705114464,1
37,7.840385638348718,4.355133715280398,1
38,8.815953893711196,6.5773099650278315,0
39,9.157539467098651,4.50825372458773,0
40,0.9241348948659422,8.865665827172721,0
41,5.403232103681674,7.735567206598795,1
42,1.646587780476657,7.395650178162088,0
43,1.1721292297561192,8.794386101709918,0
44,5.869817672897772,7.766090315583641,1
45,7.089201495341522,8.728831011383305,0
46,1.1832060216516338,0.860706994435958,0
47,7.002253544344442,2.006748505833491,1
48,6.966928684968384,0.4801886501683439,0
49,7.580584943138416,1.715669265537989,0
50,9.919763661689993,8.691629587333805,0
51,6.358776791515255,5.361934379573043,1
52,0.628357431752653,9.121529327516763,0
53,4.702524411220188,2.8553842310021684,1
54,9.585448873881125,6.911707972291708,0
55,3.737066525950344,7.171384872212298,1
56,9.878080966631138,4.041766110596386,0
57,9.26157175560268,1.6055688289604508,0
58,3.0827455806053914,1.848626802951383,1
59,4.832784565222306,0.7659173909639105,0
60,6.060596296676602,6.923493193320689,1
61,7.71160252273842,8.928918964283184,0
62,2.31557098917774,1.2703302772655811,0
63,0.8118327291979066,3.321887413347376,0
64,4.583426521889935,4.056215010524853,1
65,6.1687487994345105,0.4246771977490382,0
66,8.65139667793507,1.445094957292672,0
67,5.671891323172123,2.9808062983041017,1
68,0.5617373339765663,1.8383132051651851,0
69,4.1229951841336625,5.376954379836045,1
70,1.8604883874722211,7.19122489879047,1
71,9.974124690384436,2.7133456332656514,0
72,8.180375652351916,0.14874780225158535,0
73,1.3984874823711757,3.3303156379822605,1
74,1.6062606567605908,5.3448058228084,1
75,5.463533014831033,9.196262933770992,0
76,5.758292936776356,8.679204013810052,1
77,2.3386379931920045,4.956114532170472,1
78,1.4956929419800635,6.137975774242255,1
79,2.982419434118493,0.3776184071788258,0
80,5.549002533044749,7.1989746967394685,1
81,8.141005424669777,5.7028621156266155,1
82,3.9102412386094034,6.701917501500322,1
83,9.62030988944421,6.165947790743074,0
84,1.989028814710052,6.351634638873155,1
85,2.9206097824279698,3.856651984793138,1
86,6.837601896123649,0.6884858200295119,0
87,5.786572757891999,4.359978944937264,1
88,1.8234619244288197,3.350579942251829,1
89,8.872205291900542,4.011105934306583,1
90,0.12020804369425431,8.498633960464469,0
91,6.490201718985303,9.316217588690384,0
92,4.491475269693268,4.9289305464542155,1
93,9.353618479326547,6.811201574257869,0
94,9.005168724363607,6.7793214288873616,0
95,8.670572733679956,1.6029330710863865,0
96,6.89981409700083,2.2399321497519797,1
97,4.591295290065062,7.762066630229864,1
98,5.859668012128477,0.4623603327943726,0
99,7.011422541899684,5.054847167435733,1
100,4.71582210221572,3.472918937569437,1
101,4.926572002706445,1.5684092835182484,1
102,1.8985064490045334,0.8537265267932637,0
103,4.11493168273692,8.169737137877929,1
104,3.6839629425678746,8.96502103606657,0
105,5.22407937374918,5.79310193836282,1
106,9.96649981087797,1.3562918355672438,0
107,9.065999635307104,7.55755218556963,0
108,7.048611559733881,9.72575625805003,0
109,7.225518774890716,9.317959631889641,0
110,4.789878160586532,7.209132634960156,1
111,6.4057019069223,3.720187236880077,1
112,6.853560473661954,7.581499128357919,1
113,7.67837648698775,9.635751028889942,0
114,1.5018228133288047,3.483631203912778,1
115,5.473214575010413,6.408433936324936,1
116,0.30341050589031915,3.186070763185951,0
117,5.785087599769572,9.05193827839717,0
118,8.30470171819044,3.7353405661368932,1
119,1.4846609865703653,4.670923017139686,1
120,5.867675888728353,9.168612665746693,0
121,5.177964397671053,2.3534210930478294,1
122,8.620813550583707,9.614835951681018,0
123,0.2375531182059587,3.301126755428405,0
124,6.016070448213812,5.933454739039648,1
125,0.6709179283145439,8.073857412615755,0
126,8.237209890195036,9.91829732083173,0
127,4.166259856281892,0.5040611294237352,0
128,5.690814504122405,4.5945345115327445,1
129,0.3439884957589523,6.722814401408675,0
130,0.6869495436989048,2.666151349842012,0
131,0.7486567866596772,2.8898418593342736,0
132,4.581007611636299,3.773064401376324,1
133,7.797465523988104,2.85570543691637,1
134,6.096440470083616,4.674585264237308,1
135,9.193998274284006,0.73886596503135,0
136,4.773162029586758,1.743484558117886,1
137,6.796821184802625,5.486238894206188,1
138,3.890155260937529,4.169289896112285,1
139,1.9823527401795826,7.854211608094492,0
140,5.97195145588177,0.640309769551568,0
141,6.322695527252077,6.0361775597987934,1
142,1.450018840891717,9.500312761968846,0
143,5.983490743832435,1.6721778014947575,1
144,9.85706859661649,8.417728517479832,0
145,2.2456010997786393,9.949264969761995,0
146,3.3757799536924136,8.834471452254846,0
147,8.247225885912695,9.928108486209036,0
148,6.1718765413017795,1.0075922517166713,0
149,0.05316656139293663,4.04001853883628,0
150,1.97441263590993,4.2497647079861665,1
151,7.7212947602226425,8.377664380976665,0
152,1.3099869703911982,2.572192927109398,0
153,4.858303391210087,7.579548454030337,1
154,8.381076096511586,7.644401250717766,0
155,5.079386373085756,3.9858708568172685,1
156,2.979620854433719,6.075151031980739,1
157,0.48006920662309494,9.1256315972997,0
158,9.494914767825975,1.4223795741288803,0
159,7.1614036755955155,2.120481071298709,1
160,2.36751536694346,5.924569941642303,1
161,6.504815498214143,1.4354112337076441,1
162,3.388973884537285,3.672086084887314,1
163,8.406652008333243,2.743868063686282,0
164,4.514322414241958,1.0701410640388398,1
165,3.903403510274063,5.734892342535596,1
166,4.150244625769172,7.967996107516525,1
167,0.4445106439288782,7.528924953776029,0
168,7.0686851298597775,1.8375925718759412,1
169,6.008772846027446,9.82511419996917,0
170,1.6609231557419812,8.656095330486593,0
171,3.0618655920669346,5.014611360005858,1
172,8.693915688480953,7.112033516208715,0
173,5.002596144632024,7.7252533750455035,1
174,9.318531760109547,9.0162678578069,0
175,5.286358672626942,5.447675992726236,1
176,2.211949192306202,7.537894695205672,1
177,8.825601846853315,9.337705058408353,0
178,8.099128173099448,7.141851276271973,1
179,8.627703750880412,1.2435377874535758,0
180,9.376354854109197,9.017658672367359,0
181,7.039618431787536,0.3436275902116903,0
182,9.966874219324648,9.493207707038401,0
183,8.579080708855543,6.355025939077915,1
184,2.47463637616303,4.1384277442512065,1
185,4.468265337831237,0.5661088627119459,0
186,9.769977209969415,2.2155525971800785,0
187,7.768801171243149,2.7351945178306214,1
188,2.5339325953886926,8.815924449368,0
189,6.784188399440737,8.503141079925205,1
190,6.425569164684648,6.217349026789767,1
191,4.806203955014588,8.743668581301016,1
192,5.562933485004966,2.271257727513658,1
193,4.605714763449872,2.8793853978762063,1
194,4.1979814795124675,2.762338683543896,1
195,3.479283274226024,8.53853853246337,1
196,1.9022054900460095,8.180635426178943,0
197,4.195552552479364,1.145810399640954,1
198,3.9699791012811456,7.987399081157168,1
199,6.122528904942489,4.2394117170901,1
200,4.805851887492575,0.8042476737486981,0
201,5.105260982285573,4.938672132471488,1
202,9.729725428770214,9.193150891745075,0
203,7.4130965033458285,8.081054237069166,1
204,9.128179956539968,8.296257144231436,0
205,8.883134425979243,8.452064304027035,0
206,0.09192289930035846,4.783451041067417,0
207,7.937273345036156,3.2511277245836787,1
208,4.818979432648552,5.550602783198292,1
209,7.739813936533567,4.042934874176237,1
210,3.3289151288598715,0.6438429517395516,0
211,5.699192128691567,5.116802053958132,1
212,9.009818618294124,7.079661205739233,0
213,0.42330983230551844,4.843455417176482,0
214,3.447392601896996,6.545764765454144,1
215,4.071214810283429,0.8492317387152493,0
216,4.798763896955117,3.7350754247047147,1
217,0.8805824217741531,9.873249123585442,0
218,4.815476010146221,9.84281527606053,0
219,8.489518723685011,9.28767351579471,0
220,5.4300819326423335,5.517355160724251,1
221,6.569194427766945,7.753997143205879,1
222,1.0756235505080203,1.0888854711874385,0
223,9.683994969098483,4.203820308502011,0
224,8.052357404244983,7.10094540785887,1
225,7.388079490620113,4.059388142537075,1
226,6.034162036687981,8.542381498418077,1
227,2.889205933836121,4.2389829857877395,1
228,3.4816226323139543,1.9157591019599896,1
229,3.2045660859466762,5.224276058477567,1
230,2.1706394058265435,1.8383285823680273,0
231,5.198049099423648,6.344575583763814,1
232,3.9011284070423446,3.0328002833806265,1
233,7.444916829468856,3.0994437028730593,1
234,2.806868071069352,1.8065030990495357,1
235,3.0594601488922435,9.46720006578328,0
236,2.4507790076183245,3.983273994300278,1
237,0.7115786741768826,2.598535431602195,0
238,9.545164387430244,6.624363394284806,0
239,4.955549352181289,4.6164398436448275,1
240,2.9622010164583354,7.666869543434888,1
241,8.46917743682736,0.5280753796242121,0
242,6.201564407843333,2.094125617873641,1
243,4.602732216539637,3.161346597502843,1
244,8.521120402498498,3.6260667660233414,1
245,0.26945478945027634,1.1918182724985027,0
246,3.251363839341116,6.04330379841303,1
247,1.3236920708803657,7.693012695610638,0
248,9.175037404093803,6.543108053003697,0
249,4.290038189391857,1.0340989250216037,0
250,1.262520392040457,9.631614086250298,0
251,7.790640264216444,0.6468648029587631,0
252,0.682284177277227,5.6635623655185,0
253,4.055898931978549,6.060415056499675,1
254,0.0741579255448388,5.78988521546886,0
255,9.822197980700286,4.552117080572185,0
256,5.8615416253406085,0.5896678315374193,0
257,1.8937338483806965,6.097145567686622,1
258,1.836266552619935,2.7236047816881728,1
259,7.713245206988779,9.309402257437668,0
260,2.5201206303854438,4.016498116464695,1
261,6.278313520932464,5.104274474163103,1
262,2.5036053087397523,1.1809525054964476,0
263,4.687564880785415,1.777191665923209,1
264,3.2619955445677586,2.4812631254658846,1
265,8.681254559106792,7.864187113277569,0
266,2.0116062954055125,0.3352830624947323,0
267,7.016496411662904,5.880720748227866,1
268,5.866715321006417,9.673489215760227,0
269,4.756157130924454,8.923712298099248,1
270,2.0475738755289328,6.334468214283984,1
271,8.553561657565607,4.78808461329696,1
272,1.5612648586103572,1.88641334878636,0
273,7.400288936294299,7.558944452145902,1
274,7.098930906700613,8.062058449347179,1
275,9.952646895700468,4.468614784450833,0
276,9.905291603069442,3.0860792018755143,0
277,1.5318444757383565,4.432389821148019,1
278,7.447845892290087,6.7440829788309635,1
279,6.396415695004672,9.239153049241123,0
280,0.281766353030779,7.874064901316338,0
281,7.71994723804032,8.442110111582238,0
282,5.165831939465081,0.8210470149418092,0
283,7.9251004422409155,4.179037520720935,1
284,6.28155387676212,6.178437748594514,1
285,7.325792397059377,2.3991346206828146,1
286,3.4234389858809844,4.787886667064514,1
287,9.109196885114063,6.378245497614885,0
288,4.187088241767371,8.949192436769607,0
289,3.513856549476148,6.795733930807982,1
290,9.274135141772973,4.440488589374772,0
291,0.4633749092822781,3.0069170238649736,0
292,9.262402693396847,5.0228413637698885,0
293,5.3125658662354365,5.0627062983500615,1
294,5.6934478893986675,8.158282284865829,1
295,0.15708780537682654,5.532355925147664,0
296,4.221418931685074,3.170454672389381,1
297,2.3013944142525835,1.2701024831177743,0
298,6.786531551940858,6.59177105848963,1
299,0.017391095627479203,2.9959814817498307,0
300,7.12338338418173,8.490355864524872,0
301,4.095355964733994,1.716896153349483,1
302,0.2531039139045954,6.601727750464985,0
303,7.253663071373552,7.639131527584613,1
304,8.421408503579567,3.2932196940854053,1
305,4.877431729297726,2.4419923100924033,1
306,4.576904919240659,8.382031551074714,1
307,4.2438945048967645,1.0496918487986662,0
308,1.2654375193407397,0.47795274589636616,0
309,3.9234614381801114,1.6441592549039508,1
310,6.560116957734813,6.884386971313522,1
311,7.762862514942329,8.309606494983829,0
312,9.094558817080214,2.731427244327026,0
313,5.402541463836204,3.1844998315630058,1
314,9.680464106694593,1.6417917629752499,0
315,3.786450751354434,4.847372415955037,1
316,6.595086035995081,9.054270081402217,0
317,1.563406522559182,2.4529006817956756,0
318,9.505653791956846,4.844651463777537,0
319,5.126492487379205,4.111059205953454,1
320,6.771993553718061,2.777467690417156,1
321,4.023649587614803,0.056049460194463885,0
322,5.629481222643489,9.46706018714895,0
323,3.9768231920259636,3.1868062874490164,1
324,6.115562618502968,1.3852571854452111,1
325,6.065213865358613,1.7547005840863261,1
326,5.566862826546739,6.698249933896696,1
327,9.776585097217723,0.03761355998229465,0
328,7.098682974145557,1.7121899975856858,1
329,9.0078643258023,7.716020612841492,0
330,8.476209233421265,1.1658357196077584,0
331,0.21828263181770335,0.14541736207132172,0
332,4.455748203444814,9.416285557267459,0
333,6.010860141570963,4.157639633921817,1
334,9.431765327537006,4.515166074585545,0
335,2.05386629228466,5.7234816561295965,1
336,7.177404512229868,2.271132869258011,1
337,3.8593603163633414,7.799185111547704,1
338,5.734883747267937,0.7846638587789034,0
339,7.447921448444811,3.9621259800222317,1
340,9.506600316618458,4.470609521310824,0
341,4.3587700382896335,3.5092940294252384,1
342,5.2900345433683675,3.3007218012015804,1
343,4.439787836995528,2.5429572042989204,1
344,6.653153340940192,7.9027023820070275,1
345,8.968452340651638,9.437411983516686,0
346,3.2976748582986493,8.057676020435157,1
347,4.203909763073746,2.962725098819581,1
348,7.901652891807202,7.4733170641183335,1
349,8.203788671262613,5.687487261218864,1
350,0.43747099631958886,7.280178874155517,0
351,7.118403687579997,8.368523467949222,1
352,9.51906925673306,7.288889109587706,0
353,6.713539495298053,1.898621982234402,1
354,1.9464482519929982,7.723651728442648,0
355,3.8836976845836912,9.476180102507522,0
356,3.5899929797446593,2.1606236745593366,1
357,3.3127905894455356,0.31393363718487666,0
358,7.602780876488157,1.4380734943742857,0
359,2.475197937729713,9.443896247182197,0
360,7.390180249220998,4.577313422863872,1
361,9.989858202260413,7.779665252178626,0
362,8.154485749593068,4.160931979731936,1
363,4.301598278836311,8.052968370318045,1
364,2.3290599531070133,1.3986699902998934,0
365,2.2644596810622986,5.089149746800682,1
366,0.5511718203958049,7.18544782936866,0
367,0.5447226355178036,7.472436583465382,0
368,2.474363625592826,5.55383882697717,1
369,3.5218508383261007,5.471982582108648,1
370,7.805530539338451,5.231803739238705,1
371,1.7804496743988008,3.77418985003964,1
372,8.519548757933691,0.13025114701085916,0
373,2.292371123979171,2.3353327858475623,1
374,3.252681990884323,2.7976189041237753,1
375,9.011199790710965,4.320418119125147,0
376,4.279568682456503,8.009412833399045,1
377,9.755859349900819,6.47645796758407,0
378,1.523834807323322,9.311367701637701,0
379,1.585815107161338,5.932576962063985,1
380,6.743177956014394,4.906615580269031,1
381,5.890423719936992,9.710956217506762,0
382,6.695549473134367,5.417947126199939,1
383,8.664457915974657,5.395383795704448,1
384,8.026912129555267,0.4494831988663972,0
385,3.647123945580063,3.9620316841074454,1
386,2.7701162294790906,4.629835725301805,1
387,7.394238469686512,3.972670699251858,1
388,5.263409320525284,1.7313898969703967,1
389,4.093093997900041,4.99030520724374,1
390,1.2625945616524537,8.890692638787513,0
391,9.997229145100532,5.219121418799758,0
392,2.5504249843511273,7.5870726011572565,1
393,8.812696245059271,2.825323890976482,0
394,8.11066465433042,2.3015047985156913,0
395,6.638671724817878,2.944282667987388,1
396,9.573122493311836,4.88437410435703,0
397,8.624254567362389,0.981445581129109,0
398,1.5793951160576958,9.772253386796542,0
399,0.5545157162477332,0.19786993032858802,0
400,1.3791858291085812,1.564457663955351,0
401,3.905848438892324,1.7765629879102374,1
402,5.917907146350933,3.139221191892032,1
403,5.037223006772474,7.145638272461983,1
404,6.512615570501058,6.802495887024039,1
405,3.773119297495231,5.1545898876416665,1
406,6.4016426343630215,2.6847597161491352,1
407,6.8764573541142955,2.0239666757635244,1
408,3.2538343732588517,2.3450602225129114,1
409,3.962820971753648,2.2057485784719555,1
410,5.117928424844349,6.044125215796657,1
411,4.679632565622813,9.722710436158849,1
412,4.2767243193948845,3.339859170936071,1
413,5.882485855612951,1.4023051366198713,1
414,6.989517842072597,9.608239115311648,0
415,0.07490146396242237,1.03740605107156,0
416,4.958634539450529,1.1064666797900324,1
417,9.301247452307463,0.5806558576269483,0
418,8.227070407591874,1.4105648872557963,0
419,9.117073331022958,0.4506027862327844,0
420,4.065382364491549,5.806116330758652,1
421,9.064021876739739,1.9272372926806036,0
422,0.0770906989503084,7.436244312851745,0
423,5.481975125332906,9.82776244014415,0
424,5.948873236592051,5.638642536994989,1
425,0.9144322026746465,9.820600361088172,0
426,9.899996275362525,0.16871755773045005,0
427,2.8825685579639257,4.662682020236306,1
428,7.098590951454752,0.7186873713208741,0
429,8.527056967969202,6.083294316485488,1
430,1.7319157325343826,2.962884968387348,1
431,8.015666469377841,3.6833141284337465,1
432,0.04453685955148501,3.0630610080318244,0
433,2.3166499898533353,5.747636234875509,1
434,7.106703755675917,3.161089064215342,1
435,8.418028422474164,0.019395424692136842,0
436,3.615413117727294,9.07699700813976,0
437,8.28995517566251,5.7655182430856,1
438,3.8575759144865494,6.015278259821903,1
439,4.0618576656530445,1.2789568997365597,1
440,2.3787615492303615,9.486128589435111,0
441,6.093335296650374,9.65698410339069,0
442,0.39931189001056744,2.175655084354524,1
443,8.666779194256812,6.568099846705988,1
444,0.42182576126360005,0.1751799349063854,0
445,6.080276370088771,7.084262887362486,1
446,8.00301466537062,8.519195560348663,0
447,5.673165082501145,5.631219002168316,1
448,5.196526224164378,4.70537045931406,1
449,8.104520378814922,2.1910154025391892,0
450,4.075494541391275,7.280759570280186,1
451,6.954417552287348,5.037898229790356,1
452,8.589543868867706,5.207052218190965,1
453,2.573819751245158,7.730076540503143,1
454,3.622682860206848,0.43334873637379867,0
455,1.075169181148392,0.5775275580738859,0
456,6.084171500840091,4.418509022787313,1
457,2.173787439052558,2.866146244757787,1
458,7.008557925919322,6.635838566363532,1
459,8.828640900748796,7.597853336196846,0
460,6.2824041922207465,4.499158285694741,1
461,9.092795423472149,8.441805764914855,0
462,4.672133651436993,9.168062428949886,0
463,0.29251102061911394,1.1687861581712167,0
464,4.2611769553746885,8.724970707658509,1
465,1.695561473514301,0.8002107076247056,0
466,1.416480186016289,5.942054712669352,1
467,8.659897017157292,3.8215585147054876,1
468,6.232357259781237,3.4601925916117473,1
469,4.93070357783822,5.074262384090873,1
470,4.810520771811365,4.692844055507582,1
471,9.683151173912265,4.056554565453236,0
472,0.0570859391936962,3.7177281879789636,0
473,6.3114705494234755,0.8009866676499611,0
474,2.313029917025661,9.711179881417078,0
475,3.524543304790434,4.0977652878961415,1
476,2.3015618491786807,2.6069966692315005,1
477,9.57023422774575,0.062469021521173174,0
478,4.065514151314289,5.463543686706942,1
479,0.5657237073012911,5.587236171711567,0
480,2.6030016337250386,4.620800743133618,1
481,5.884495781899978,8.698087667561126,1
482,3.0485730290007087,0.2528190166516231,0
483,6.920561730689277,5.193156108872649,1
484,5.926009367419983,8.40533514996748,1
485,8.841468362387978,8.478333730053345,0
486,1.6105675163060362,5.243117747129613,0
487,8.235530512538764,8.90937672513502,0
488,3.7583025104244436,0.7012108307707454,0
489,2.148265971034875,6.986770585413735,1
490,0.890648851439575,5.975653680322379,0
491,0.6943909990274622,3.914706336788808,0
492,1.115304428657029,6.016214704337148,0
493,9.287531683833858,3.9762530426057596,0
494,3.673189477768699,6.43140330084972,1
495,5.582044466516329,6.65943199281637,1
496,1.1204946339562527,2.0951554861152664,0
497,5.796569216911527,1.9466364797779212,1
498,9.731011287488483,3.5534941611545747,0
499,9.833326463004097,7.647672564422709,0
500,6.813006752996608,1.7561225155022409,1
501,9.491755253766442,9.77968370510769,0
502,1.0483220939624494,2.938795978751352,0
503,6.536554448835691,8.057697349685027,1
504,3.3515730534866495,3.9408847722172524,1
505,9.322975088091281,3.364183827623749,0
506,8.22746080193933,4.289040904562159,1
507,4.275402792198514,2.470391920637974,1
508,1.0747324443828854,5.902726902787066,0
509,2.285066532624728,8.805405532715472,0
510,1.7922903305678473,1.4548325334670098,0
511,9.163876367805088,9.266539011794412,0
512,3.1726354761191287,9.503077676809953,0
513,7.628695496172346,8.44470117309973,0
514,5.772469878478125,8.699446151352833,1
515,1.3741718854071983,5.590110023197572,1
516,3.5906829310461985,9.934204446877967,0
517,4.734466058188572,6.705287282315796,1
518,0.3200150150596237,8.909508147509813,0
519,4.913444876017062,7.824510638442675,1
520,7.359830051595775,6.5578804274288025,0
521,1.3872871523426689,5.2784217489392615,1
522,4.918645978127772,4.7663028829862135,1
523,3.9421587985498876,6.76982850858346,1
524,4.126645214427236,3.8645144112804886,1
525,2.124770512310862,5.5462959636461395,1
526,2.3049727280188215,6.219814404859653,1
527,0.7824764546082197,5.96791394718778,0
528,0.17076619244733138,1.0145024616822151,0
529,1.3927306285995245,6.8137947697239944,0
530,1.5508984144984517,0.5592205165444752,0
531,4.501883179199746,0.8488766574425577,0
532,7.370577727203232,4.0404844760360294,1
533,8.443985614513782,7.714969166148995,0
534,0.4443104511502016,4.222577688611045,0
535,5.845252276362375,1.3600581054100025,1
536,8.72277329787718,5.568368759833991,1
537,2.650521327997837,1.0412141015408938,0
538,4.728130913249026,4.841976703222681,1
539,2.475556439947958,8.680968662005412,0
540,2.1387777946239273,2.9739287126824863,1
541,5.756578754879204,4.165005056025169,1
542,1.6185398949058927,7.1329198521622565,1
543,6.612130710848538,9.093847799835347,0
544,1.1801746051202577,2.9210466334099836,0
545,5.917583161940252,2.2258734290910684,1
546,6.844324802218628,1.0403391867805767,0
547,5.734974281154508,7.417944961744418,1
548,1.46791922969715,7.048019464066594,0
549,8.042030609881026,8.98110876519452,0
550,5.907112191512736,2.759336212063628,1
551,4.8331518148168,5.636927579105505,1
552,9.114469845828348,3.9403744541609633,0
553,5.952810664513387,7.193170615835535,1
554,7.289671759282367,2.2087445345111356,1
555,8.286063909299692,4.243160946122516,1
556,5.764353177847226,5.729774158169029,1
557,1.123793471839597,1.2726436024655907,0
558,7.984994172258212,8.380792596986065,1
559,1.3376986986786554,1.7723598672812269,0
560,7.167098617243475,7.754166391997926,1
561,7.9523112247607415,2.461816301761306,1
562,3.2120783576827137,2.8312749532038097,1
563,3.853241129612236,1.6594899740342417,1
564,7.761895137095816,9.491820193305117,0
565,6.680319597253284,5.972204329516099,1
566,3.423641328021201,5.568096454838161,1
567,5.291059873983771,0.4958857870827116,0
568,4.523262461824681,4.257439390759602,1
569,6.729181776447474,5.535616685727231,1
570,6.672261271418166,3.020369790068007,1
571,5.8104261679582425,5.613663209466918,1
572,1.239691917929675,1.5633360223213189,0
573,8.620876996416,5.556661050166914,1
574,8.390517724378915,9.925701282555304,0
575,1.0172008518530284,0.5617518224019036,0
576,4.776790638137074,4.351813156205122,1
577,9.00265448026504,5.51997310696154,0
578,4.06673848231595,1.2903328957691074,1
579,2.1377883453200575,6.644232427684491,1
580,6.660861179825805,9.501252469412567,0
581,8.113906708527859,9.085205665765677,0
582,7.122487586873482,2.549391335232766,1
583,7.112983675539209,8.504435817257628,0
584,6.79451203990411,7.438791222533439,1
585,2.74746217401813,8.661168936390498,0
586,4.371137582596779,4.857906039543652,1
587,0.00902391317655682,0.0730084131982256,0
588,1.2150135166586473,1.221759281208381,0
589,4.984323612946059,3.8201647332141797,1
590,8.320327860710847,8.581751284111116,0
591,6.4991654275619,1.623631598319173,1
592,5.283728692692734,2.449455764476033,1
593,8.787321877350301,7.793520966543884,0
594,7.815163417098203,1.233099624354148,0
595,1.2003759332378217,5.234749132307192,1
596,6.35081297786606,2.7915841587025536,1
597,5.069721330913444,8.43778413525346,1
598,2.9600072346798223,8.735114660167552,0
599,4.594915733139125,5.475091409271507,1
600,0.2641162820423404,4.4361866400561025,0
601,8.380787643703393,3.9468840616765446,1
602,8.572849287754892,5.508905434743729,1
603,2.1463491058035866,8.304763853209236,0
604,0.5936909921390099,6.180482400987222,0
605,0.2043638801913339,1.1693454886897459,0
606,4.427255890770555,9.92790819070459,0
607,6.15585961346908,7.052488857294761,1
608,3.76553406713098,6.423062840760547,1
609,3.4730175748767644,2.627998628743582,1
610,7.925811813416689,5.015226830517378,1
611,2.8810497041275687,4.515914643773824,1
612,9.48285282307472,7.074034568858874,0
613,9.626685941684666,5.809952724612501,0
614,5.517657817730823,1.950564884577194,1
615,2.2931559888910105,4.725325785509447,0
616,6.0684630918093205,3.0745296342153097,1
617,9.528708583212666,6.123832880769063,0
618,1.9203095855047903,3.0756948533855812,1
619,1.8607850677656612,9.155232558847782,0
620,7.66869593293964,8.70244924683162,0
621,8.051988130514374,8.20376406510796,0
622,2.4305023812894824,0.6790557063757785,0
623,9.010426332637332,3.336622682704654,0
624,5.741265129896806,8.738086255077253,1
625,5.259592535299525,4.915101627797633,1
626,0.25804425010618637,5.775466716650023,0
627,4.3103616640324205,3.2611779139587105,1
628,8.454464113388552,2.0990979983740523,0
629,4.947647247871241,0.39019395717385885,0
630,1.428530815788156,5.355007871449088,1
631,2.269202746673499,4.166793098467625,1
632,5.353247214216187,5.17680687534591,1
633,9.307861107179107,3.9331089427241483,0
634,2.1231517567923843,8.604196297485876,0
635,9.734865443146761,7.186247574522197,0
636,6.766452449717308,4.619407068153102,1
637,1.9006253954313157,0.5329662150204195,0
638,3.2700054607555584,6.020794163144823,1
639,7.888423031560238,2.6532353286563835,1
640,1.3902044661548363,5.0386480243242495,1
641,3.6393758727248073,0.475086243228493,0
642,9.241563663716045,2.687853374296992,0
643,0.36335477725968457,3.7251180955929417,0
644,1.0862901881852594,1.2263852361416505,0
645,2.643776485832987,5.560080433745381,1
646,3.0234250166488086,9.586263544154525,0
647,5.554521195791844,1.6428274536781784,1
648,8.628264630490348,4.09220060375478,1
649,5.209046317687877,5.911911732367654,1
650,9.962312621190993,6.140403684971928,0
651,5.1857047551977375,7.95694359461189,1
652,2.093930938580381,3.4067880997148157,1
653,2.6095364323071744,0.9407553053403173,0
654,6.7210994284611125,5.8792400969236756,1
655,7.1791622793341165,4.344226257200857,1
656,4.826196012105996,8.509898081292189,1
657,6.428012877643149,8.82815173658911,0
658,7.819191739141883,3.637385266683455,1
659,2.9429703408301933,3.8184128784684965,1
660,8.379061276030317,2.4480124126795353,0
661,7.466635575503281,6.037181987985509,1
662,0.4746024094795154,0.10492974188669124,0
663,1.5917292065894828,1.6548381079554775,0
664,9.958375135377427,2.0243441082047386,0
665,5.798430098602675,1.448882116502157,1
666,8.425705684549305,8.130087280529702,0
667,5.225582286960768,6.679574827581539,1
668,5.231800082761907,4.722493855915456,1
669,9.77517986078795,8.018103041530445,0
670,6.7341665088417155,0.6412095824586606,0
671,2.2394268478831227,1.461004592427363,0
672,0.7225143032241654,0.8062469583275933,0
673,3.0888320094910116,1.7404784350721914,1
674,5.454170468906138,4.961553367994879,1
675,2.8771516427633737,0.48710043284650006,0
676,7.620377681908249,7.668944359464716,1
677,9.53197545410081,9.647449909261633,0
678,2.63794355396982,1.2927916986466415,0
679,3.4562746952939216,1.7152526413927316,1
680,3.063405665448664,5.993245121096246,1
681,5.326304040048062,0.8557731489698428,0
682,7.3316143401724965,9.64085112534447,0
683,3.0621169067152323,4.412969977461692,1
684,5.645569424763121,1.8543291473538903,1
685,0.19994780304191773,4.277008607193587,0
686,3.290124478746752,0.6778011718061072,0
687,6.790873254693985,0.43632557293179053,0
688,5.6602622562172575,3.7188248867379525,1
689,2.555873591027713,0.4980110886112199,0
690,0.07536809580105719,0.8070053364186069,0
691,5.312820393732985,8.36192941948018,1
692,4.765653782481973,5.9620088146249195,1
693,7.236909181472266,4.626170583181164,1
694,2.7769604497062996,0.6035845628344394,0
695,8.464600081288744,7.203634106543769,0
696,5.506741790530313,4.748072432913375,1
697,8.422664055199585,3.7914229498755168,1
698,9.788826252478737,1.1369144790112917,0
699,0.47073028481749324,4.844276036643317,0
700,5.987216360244689,6.975007488807221,0
701,8.383789418875514,0.8821510548591915,1
702,8.379518428321031,2.543938642719339,0
703,0.3986529331585331,7.416269091048882,0
704,3.3905492068320866,8.077521300834293,1
705,0.11954793168864053,3.23797182111477,0
706,0.16563708026224533,5.990002790299451,0
707,0.8162407834233698,9.060122593187206,0
708,9.529686165315669,0.39817114772094264,0
709,3.7568011673423465,6.218302715192744,1
710,8.901840487631024,1.9290963267726768,0
711,8.260449598258676,8.108162582312328,0
712,3.8070215883049108,5.052888675677161,1
713,7.115280824358756,5.325035695339682,1
714,1.3083931234136137,1.251376513678949,0
715,7.689289035152019,5.076616101222742,1
716,1.828865947828563,8.09038134095094,0
717,6.86661477955241,6.1145799669267475,1
718,9.47289778370711,0.3495750147200005,0
719,3.0693685748288804,7.497115637317267,1
720,7.934335123734692,1.8606268600196052,0
721,8.551994879569373,2.996808190615894,0
722,9.74598125805526,3.390437829216175,0
723,5.0042862009397515,0.5210293000516242,0
724,4.086904780994964,4.772452355000389,1
725,4.237325571044329,5.647843789923913,1
726,8.214427031228507,3.5938848301788973,1
727,3.397806441201221,1.4368928354343247,1
728,6.330278684279764,6.753764576713801,1
729,8.124558962951411,9.024274169409546,0
730,2.5341743981570977,9.914243651068018,0
731,0.1314587974824688,2.526974722379544,0
732,9.47857289039811,6.717349741462519,0
733,6.83176623768116,3.3919116441493093,1
734,1.442364534954057,4.908753498323031,1
735,0.13554017336966928,6.88587313636668,0
736,5.226574582280358,9.34453292771569,0
737,4.946431633491633,3.970864803403048,1
738,0.16280120030125467,6.679045530221634,0
739,5.469726278536584,0.13764665589321323,0
740,3.265012537864557,8.070287803649856,1
741,0.671485826492455,5.727749926768486,0
742,3.71681710437597,8.044326783500498,1
743,5.094217124227066,3.2942926595179776,1
744,5.545746556081119,9.642003805857552,0
745,0.2816033199764234,6.958063745364774,0
746,6.997431662693821,1.7436724080071875,1
747,0.43567891995158314,2.650739863929984,0
748,0.8171569208732932,2.8207185414761904,0
749,8.467771152484358,3.816477528111238,1
750,1.4470067842095724,7.297156585098915,0
751,1.0289654051817776,5.530165145809409,0
752,2.7934819232213295,8.4808110362945,0
753,2.0252195100474624,5.179155912961337,1
754,0.1632610676780777,2.3646404735465776,0
755,9.974216999248709,7.691423670875698,0
756,8.164738430420984,9.520313641619726,0
757,6.283417684963847,3.453900779751783,1
758,8.855370131548414,0.8662617911732862,0
759,9.00530856515504,2.1820378778562697,0
760,1.125016917725159,9.677947379285737,0
761,6.028405904554701,0.9606300949536073,0
762,8.775908785828383,1.7214952593399457,0
763,1.4735389686834022,8.366747804646803,0
764,6.992421441349705,9.587054461164323,0
765,0.9753608858728047,9.926961660367674,0
766,6.369854688961581,3.3111630549114626,1
767,2.953411282868985,6.134205298964806,1
768,1.7920416244181403,5.9062217035722995,1
769,0.7779577195102505,8.490000232653731,0
770,9.874121017514288,4.627656536633905,0
771,2.37687202491921,0.8166348886763897,0
772,3.023304808722471,0.5285168602288381,0
773,6.963331653185873,9.742281215400864,0
774,1.93568983543847,5.480234445518862,1
775,9.849655838416366,0.7669187116426035,0
776,0.6713602850481326,0.2630641204495465,0
777,1.1705736305928505,4.807828569535477,1
778,8.817898724014443,9.370713688555977,0
779,4.896219570364321,2.6308149621799704,1
780,6.137118243503701,4.622898214356849,1
781,7.5359248753236106,4.937223145329071,1
782,7.489147655233123,5.056918433174772,1
783,9.887533054279565,6.138890419617754,0
784,5.9743042361253105,9.062925324756177,0
785,8.224282981166317,7.375545154831197,0
786,8.61526106867836,6.993350490517441,0
787,7.711187928373992,9.93974339625549,0
788,8.62910503839666,0.5202707480702906,0
789,9.69973741021825,3.460726107239611,0
790,0.6921708848924701,0.2644029639927048,0
791,1.6758482571295286,8.123890822685256,0
792,7.165282126148048,7.346468998718143,0
793,2.384179648616116,7.142434493214229,1
794,5.258596827161833,9.491321055256188,0
795,9.580491571955582,6.17065544694338,0
796,9.832203358386698,9.350022182302407,0
797,7.074625239304214,8.58025725250956,0
798,0.8603725729037792,4.273288815046511,0
799,3.798338153594897,8.710450424410853,1
800,1.3699490107694035,0.9156254657769813,0
801,1.614878439279912,6.747422413182385,1
802,8.380968081590831,2.696703072009293,0
803,3.0328385218491007,7.192309382265223,1
804,3.77570921405327,4.886636354563896,0
805,5.589488171208683,6.9180877171199615,1
806,8.75074759182966,4.496484139605115,1
807,1.622815971958017,8.81247862385616,0
808,2.0839777657122562,1.9346486574263455,0
809,2.0475139720735336,3.4222439040490125,1
810,4.772523678329184,3.6413252275255026,1
811,1.0930708725806315,6.507249841181553,0
812,9.986294591194554,0.5852357212919634,0
813,1.7663926484786707,9.800881816926413,0
814,5.630687082217145,6.71417078581047,1
815,1.9710417522313795,4.506988753318163,1
816,7.216331390719239,5.571365252635944,1
817,7.540049506810632,3.136347624725527,1
818,0.07554118469137672,2.4632238769472456,0
819,9.549870362808672,7.791094826075517,0
820,1.171596120226951,9.612195497841403,0
821,3.6325235454643856,1.024366317268376,0
822,7.180603172058109,4.18488566049203,1
823,1.055296026284639,0.05553517162929844,0
824,6.181775731680403,3.4320452997042206,1
825,7.484768663412168,7.6644590364314205,1
826,5.232185875466372,0.043585526808298525,0
827,8.331098421422258,6.583899636520849,1
828,9.672179477021194,5.807036667947237,0
829,9.066874769927116,9.532287924602691,0
830,2.5627374325416366,8.592251930810736,0
831,8.535758409881062,3.8815201888461024,1
832,4.079327356434477,0.7449013696983775,0
833,4.680411365342153,8.938912042859378,1
834,0.38457790956316185,3.9866101399495655,0
835,4.641848581075774,7.966127426751938,1
836,5.558888944230123,4.866952986917861,1
837,6.614256483853135,5.513560389225354,0
838,3.339574188112384,3.9268728668491146,1
839,9.55875166749245,0.38852184322431094,0
840,8.996606797090713,3.833854103153654,0
841,3.8813640728039833,1.9804437786411555,1
842,3.2068130634777647,3.5375282615793346,1
843,6.786942373938282,0.6194468526739838,0
844,7.559485884778797,4.378536704489716,1
845,6.045538073833247,0.9293842363537197,0
846,2.428043386587524,4.172067089472895,1
847,2.4846112420169595,4.731333664128764,1
848,9.550519031748479,6.745061709307683,0
849,9.20879108235741,5.6160236381501765,0
850,9.604011647626454,8.567457194136807,0
851,3.194204295306693,8.682385597169457,0
852,0.2853905202152529,4.7176848249854775,0
853,4.839423376852042,1.2059410320851816,1
854,5.667022515394829,6.461542164885554,1
855,6.13032385824264,7.615536532377848,1
856,7.467324076757954,0.012017795818674015,0
857,6.398444137208765,9.205190679634331,0
858,4.826168772965507,6.316311402663292,1
859,0.6719883996506126,2.265951382246464,0
860,5.321700673188159,6.865954836337266,1
861,5.079456915006247,8.67176651555925,1
862,4.856936145849639,8.641413102252631,1
863,8.657817722710039,5.88257443462518,1
864,2.849529359948304,1.176489314964243,0
865,1.055961193857704,6.206478997665938,0
866,6.487697979808138,2.3205329631969285,1
867,3.9075130930248103,0.07845628719594377,0
868,5.352119953987996,0.8997082047815019,0
869,9.84886385784299,3.164144697277541,0
870,7.35085373611817,3.3598051800668847,1
871,3.0445341806890225,8.47135084214787,1
872,7.5603693675639505,5.4583295947773545,1
873,0.6898619072712797,8.4480642921174,0
874,4.955484487774438,6.783543158065203,1
875,8.772559828775906,3.074169348331596,0
876,3.097890039091964,2.592871450640083,1
877,7.025043876961456,1.2137116900917277,1
878,8.642068528472333,9.822019442538405,0
879,1.679853169605633,1.8017086939358506,0
880,8.082216059030513,3.6773190827608526,1
881,8.692813986372364,9.832149719709758,0
882,2.737269481301375,1.2499601993030651,0
883,1.4081302617109759,9.617082721796592,0
884,5.8175582854471255,2.696029539592174,1
885,7.594230140091113,0.8476786214643584,0
886,1.160581184063113,6.244231675425825,1
887,3.7076071401002797,0.9776638369870494,0
888,6.86360310874912,8.583922842568857,0
889,3.8490877692204553,0.45462532771986974,0
890,7.6953822408496295,1.394903527946938,0
891,2.93548314234247,5.560464783443043,1
892,2.2407582059492404,9.621112905241457,0
893,5.236016265523986,0.9772735675216615,0
894,8.024702435430434,3.8895780292707482,1
895,1.7648601834038424,5.779053030773761,1
896,6.48981610000778,6.554764554655971,1
897,6.105602415536291,0.8234651575483298,0
898,9.802544830441951,2.9914513042779345,0
899,6.081705402350789,4.206188524492529,1
900,5.7532092524852505,2.3009432097625626,1
901,2.775934124602648,8.953814302995061,0
902,9.184424043918147,0.6737853731936694,0
903,0.322614430702135,4.858761156365689,0
904,3.9445778172041237,1.2941723532144267,0
905,7.59900256772011,6.16572078086587,1
906,6.6102997069979255,4.5305790967587445,1
907,0.8781145763960241,6.233379543267993,0
908,8.343122199976566,7.09961787925827,1
909,4.139640210180541,3.429033805194707,1
910,7.338223677037773,0.08337722337253495,0
911,7.886718824824973,3.591480715675175,1
912,7.99754293843116,1.3803957227890973,0
913,8.589174159798368,6.778790371169996,0
914,5.953729235794505,7.6495621220430765,1
915,6.121235482488835,6.284254279940428,1
916,6.924729824844901,0.3022193181069244,0
917,8.228459183452346,9.985735201418187,0
918,0.7948571959835637,2.759206902475916,0
919,8.150405412953264,5.948990072916792,1
920,5.752231619150358,8.817116964801636,1
921,9.942679251553908,7.296069644969471,0
922,0.7142383794872398,4.59169035729936,0
923,3.248639799578681,4.460305479168516,1
924,8.163368928106426,1.369761758325807,0
925,6.715651263822895,0.5242110437582403,0
926,7.0068156950556375,7.813720917238119,1
927,3.7650847019482536,0.49255016553537145,0
928,5.0675503707990375,6.0197452616837674,1
929,8.14600586371012,1.572981393160341,0
930,9.952633325820578,5.285689564034856,0
931,7.882286404595201,3.361046484157283,1
932,7.4038091821529415,8.053230107043913,1
933,2.4776494760834677,7.25695095788689,1
934,7.68481106010732,3.058577057379037,1
935,4.9803814932711035,1.5330222477154365,1
936,2.203483413091595,8.437245215210702,0
937,5.056943689687642,8.143724106547747,1
938,0.6207783537970546,0.046659504530883744,0
939,1.1981409593346726,1.9075413560249932,0
940,2.3174679515447982,0.18339652806828144,0
941,5.085975591538949,5.378841677780662,1
942,9.792764558221624,7.114133548131249,0
943,5.03731067971218,0.30257955303481854,0
944,6.53488948740803,4.734027115259108,1
945,2.2899934934170183,6.886853121709764,1
946,6.178011552254214,7.93456082102701,1
947,5.544812191738067,4.398564083825666,1
948,9.20932289949958,1.1763320200608451,0
949,1.8222498605846515,2.8864057659955646,1
950,8.64597698935684,1.9888554324290442,0
951,4.499599849105303,4.226502818116522,1
952,0.7345014301824093,1.6624145022145265,0
953,7.953642250568364,9.760406383778864,0
954,4.7546931433401705,1.9906579820131776,0
955,9.520076552531497,8.207602691066697,0
956,6.336925911929995,8.030154034485669,1
957,5.221346230622385,2.333439081651955,1
958,0.8351517997792646,6.557055558625182,0
959,2.5090590951542224,7.355127313688015,1
960,9.07022042226772,8.44616704672898,0
961,5.625520163793043,2.216145763197267,1
962,0.662153558695685,5.599391314650055,0
963,2.157463195498601,7.559534507103464,1
964,9.039386124353303,3.8396026032678754,0
965,5.455090195253538,6.041443511593166,1
966,9.18024320311193,3.11892469778295,0
967,1.4344471675193349,8.243225473582807,0
968,3.200064025740014,1.4622484794753565,1
969,3.766760747999217,3.111467630494672,1
970,2.1848500664716317,7.721460308599156,1
971,4.246371311613365,2.641581952711679,1
972,4.458419047942445,1.2988973062425346,1
973,6.621912350674705,0.9298686623662733,0
974,1.7114174920753589,4.553901837804095,1
975,9.490756173578628,4.52547778771777,0
976,2.8967045411967995,2.6103290303512927,1
977,1.4510568959758086,0.09788808963213547,0
978,1.0349640404113403,5.322566070647263,1
979,3.1231561751952985,5.601928942962248,1
980,4.944885172385098,9.796007203872172,0
981,7.524996564062988,2.027146669472023,1
982,6.799493839869575,0.39533824855911504,0
983,3.6337512022671845,4.908359842783597,1
984,2.2843005569474117,8.145554310173688,0
985,5.921831723427945,4.866112896464325,1
986,3.8467590779256513,4.119214293632756,1
987,1.564262104275691,1.7037531503033898,0
988,1.2839650208521858,0.5319008201280584,0
989,9.321928937044206,4.447681113959638,0
990,7.285466718665715,7.2331638091198105,1
991,1.3164899514926243,8.637460593341332,0
992,1.5304852254172552,6.588854317418643,1
993,0.7638752513179448,0.9889128317945495,0
994,2.248595181935129,8.147943423383559,0
995,2.63151740425837,4.966864457273832,1
996,3.247039881872551,1.2649331110760897,0
997,3.796366777032535,7.458637430358869,1
998,6.794757155378717,7.461536570170293,1
999,5.983175351427472,4.993537726389516,1
